월일,탄생화 (月),탄생화(日),탄생화 (영문),꽃말,탄생석 (月),의미 (月),탄생석(日),의미 (日),탄생목,의미,별자리 (탄생좌),수호신,수호성,탄생색,색상 코드,색 이름,색 단어,퍼스널리티
1월 1일,튤립 수선화 미모사,스노드롭,Snow Drop,"희망, 깊은 애정",가넷,"희생, 충절, 변하지 않는 마음",임페리얼 제이드,불로불사,사과나무,사랑,염소자리,시간을 관장하는 신 크로노스,토성,,#FFFFE5,순백 / 라이트옐로,"순수, 우아, 심플",마음이 아름다운 최고의 여성
1월 2일,,노랑수선화,Narcissus Jonquill,사랑에 답하여,,,랜드스케이프 아게이트,불행을 막아줌,전나무,신비,,,,,#E6EAE6,프로스티화이트 / 아쿠아스프링,"감성, 논리, 청정",미학적인 사고에 매료된 사람
1월 3일,,사프란,Spring Crocus,후회 없는 청춘,,,토패저라이트,확실한 좋은 소식,,,,,,,#AFAFB0,실버그레이 / 스펀 펄,"용기, 밸런스, 경영력",품격 높은 마음의 소유자
1월 4일,,히아신스,Hyacinth,차분한 사랑,,,크리소콜라,정신의 안정,,,,,,,#8D9192,알루미뉼그레이 / 서브마린,"밝음, 에너지",두려움을 모르는 밝은 도전자
1월 5일,,노루귀,Hepatica,인내,,,골든 지르콘,슬픔과 의혹의 제거,,,,,,,#736D71,스틸그레이 / 몬순,"직관력, 동찰력, 잠재력",재치 있는 야무진 사람
1월 6일,,흰제비꽃,Violet,순진무구한 사랑,,,스타 가넷,성스러운 실행력,,,,,,,#705B67,쥐포도 / 코스믹,"논리, 스피드, 모험심",드라마틱한 생활의 실천자
1월 7일,,튤립,Tulipa,실연,,,암모나이트,과거의 추억,,,,,,,#0D0015,칠흑 / 블랙건포도,"정열, 재능, 상상력",도전하는 발상력 풍부한 정열가
1월 8일,,보랏빛 제비꽃,Violet,사랑,,,크롬 토르마린,내면의 증강,,,,,,,#B8C43A,시트론옐로 / 샐러리,"종교적 감성, 우주적 구상",자연을 사랑하는 서정가
1월 9일,,노랑제비꽃,Violet,수줍은 사랑,,,하이드로 그로슐라라이트,사랑의 달성,,,,,,,#69821B,이끼색 / 올리브드램,"신비성, 상상력",타인의 따뜻함을 느낄 수 있는 사람
1월 10일,,회양목,Box-Tree,참고 견뎌냄,,,골드,확실한 조언과 힘,,,,,,,#7B8D42,풀색 / 와사비,"영지, 예술, 세련",광대한 감성세계의 소유자
1월 11일,,측백나무,Arbor-Vitae,견고한 우정,,,스페큘러 라이트,자기 인식,,,,,,,#BDD99F,미스트그린 / 픽시그린,"노력, 재능, 용기",신시대를 만드는 이상적인 사람
1월 12일,,스위트 알리섬,Sweet Alyssum,빼어난 미모,,,옵시디언,잡념의 제거,느릅나무,고결,,,,,#D6E9CA,백록 / 페퍼민트,"기품, 외교, 통찰력",행동력 있는 도전가
1월 13일,,수선화,Narcissus Jonquill,신비,,,파울러라이트,맺어지는 사랑,,,,,,,#37A34A,패럿그린 / 샤또그린,"행동력, 겸손, 냉정침착",자기만의 방식으로 살아가는 자립가
1월 14일,,시클라멘,Cyclamen,내성적 성격,,,프레쉬 워터 펄,조화로운 애정,,,,,,,#7B8D42,그래스그린 / 와사비,"감성, 유머러스, 숙성",성숙한 감성의 예술가
1월 15일,,가시,Thorn,엄격,,,피존 블러드,불멸,,,,,,,#00552E,심록 / 브리티쉬 레이싱 그린,"신조, 모범, 자애",빛나는 별 같은 눈동자의 소유자
1월 16일,,노랑 히아신스,Hyacinth,승부,,,블루문 스톤,성인의 사랑,,,,,,,#F0F6DA,화이트릴리 / 벼꽃,"대담, 상상력, 신념",자연을 사랑하는 실천가
1월 17일,,수영,Rumex,친근한 정,,,안티몬,사악함으로부터의 방어,,,,,,,#006E54,맹황색 / 워터코스,"생활, 지도력, 미소",배짱과 호기심많은 미식가
1월 18일,,어저귀,Indian Mallow,억측 ,,,로제라이트,희망의 상징,,,,,,,#47744B,포리지 / 킬라니,"성실, 세련, 겸허",어리고 순수한 사람
1월 19일,,소나무,Pine,불로장수,,,암블리고나이트,불멸의 힘,,,,,,,#9FC24D,리프 그린 / 아틀란티스,"상냥함, 자존심, 정신성",어떤 일에도 열심인 노력가
1월 20일,,미나리아 재비,Butter Cup,천진난만,,,스노우프레이크 옵시디언,사랑의 유지,,,물병자리,태초 하늘의 신 우라노스,천왕성,,#288C66,포레스트그린 / 엘프그린,"에너지, 자기투자",이상이 확실한 사람
1월 21일,,담쟁이 덩굴,Ivy,우정,,,피콕 컬러 오팔,구애의 예감,,,,,,,#A0D8EF,하늘색 / 샬롯,"감성, 가능성, 예술성",아름다움을 느끼는 재능
1월 22일,,이끼,Moss,모성애,,,그타 베릴,은총,,,,,,,#00A3AF,옥청색 / 본디블루,"행복, 사랑, 우정",배려심 있는 사람
1월 23일,,부들,Bullrusb,순종,,,알렉잰드라이프 가넷,주야의 변모,,,,,,,#38A1DB,장풀색 / 서머스카이,"젊음, 정서, 집중력",평화롭고 평온한 마음의 소유자
1월 24일,,가을에 피는 사프란,Saffron-Crocus,절도의 미,,,밀키 쿼츠,모성애,,,,,,,#00688B,로리깃색 / 블루 라군,"두뇌명석, 성실, 감수성",즐거운 꿈을 향해가는 낙천가
1월 25일,,점나도나물,Cerastium,순진,,,사도닉스,행복한 결혼,"편백나무
(노송나무)",신의,,,,,#0F2350,농랍색 / 사파이어,"이상, 현실, 새로운 생활",평안한 생활이 가능한 사람
1월 26일,,미모사,Humble Plant,예민한 아믕,,,파이롭,"업화, 타오르는 마음",,,,,,,#E3D7A3,크림색 / 묘목색,"풍부한 표정, 조직, 재치",태양같은 개성의 소유자
1월 27일,,마가목,Sorbus,게으름을 모르는 마음,,,알만다인,실행력의 승리,,,,,,,#FEF400,페일레몬 / 노란색,"맵시, 신비적인 눈",세련된 분위기를 가진 사람
1월 28일,,검은 포플라,Black Poplar,용기,,,핑크 토파즈,"지력, 체력의 회복",,,,,,,#FFD900,민들레색 / 스쿨버스옐로,"모험, 밝음, 호기심",태어날 때부터 낙천가
1월 29일,,이끼,Moss,모성애,,,팬텀 크리스털,얼음의 화석,,,,,,,#C3D825,어린풀색 / 푸에고,"운동신경, 지각력, 명예",비범한 설득력의 소유자
1월 30일,,매쉬 메리골드,Mash Marigold,반드시 오고야 말 행복,,,파티컬러드 플로라이트,과거와 미래,,,,,,,#529C47,메도우 그린 / 프루트 샐러드,"넘치는 사랑, 동물 애호",동식물과 상성이 좋은 사람
1월 31일,,노란 사프란,Spring-Crocus,청춘의 환희,,,알렉산드라이트 캣츠 아이,망설임의 선택과 변신,,,,,,,#E0EBAF,어린싹색 / 터스크,"감상적, 순응, 예의",상처받기 쉬운 로맨티스트
2월,,,,,,,,,,,,,,,,,,
2월 1일,모과 무궁화 살구꽃,앵초,Primrose,젊은 시절과 고뇌,자수정,"현명함, 의미, 위엄, 권력",유렉사이트,꿰뚫어보는 마음,"편백나무
(노송나무)",신의,물병자리,태초 하늘의 신 우라노스,천왕성,,#3F4E93,콘플라워 블루 / 토리 블루,"문화적, 사교적",사회적으로도 매우 인정받는 예술가
2월 2일,,모과,Chaendmeles,평범,,,콩크 펄,가장 사랑하는 사람,,,,,,,#BC64A4,연보라 / 바이올렛 블루,"상상력, 경모, 직관력",타인과 확실한 차가 있는 개성파
2월 3일,,황새냉이,Cardamine,그대에게 바친다,,,메라나이트,"투쟁, 달성",,,,,,,#21297E,딥로얄블루 / 미드나잇 블루,"직관력, 수줍음, 위엄",자신의 가치를 아는 천상 프린세스
2월 4일,,빨간앵초,Primrose,돌보지 않는 아름다움,,,바이컬러 아메시스트,깨달음,"미루나무
(포플러나무)",불확실,,,,,#CCA6BF,홍등색 / 마베릭,"감성, 재색겸비, 외향성",타인과 다르고 싶어하는 개성파
2월 5일,,양치,Fem,사랑스러움,,,프람 스톤,난관을 이기다,,,,,,,#50347E,팬지 퍼플 / 킹피셔 데이지,"교육적, 시적, 신비, 몽환",나아갈 길을 아는 영감의 소유자
2월 6일,,바위솔,Horse-Leek,가사에 근면함,,,그레이 스타 사파이어,새벽의 길보,,,,,,,#DEBDD8,페일 라일락 / 프렌치 라일락,"가정, 표현력, 품위",타인을 감동시키는 힘의 소유자
2월 7일,,물망초,Forget-me-not,날 잊지 말아요,,,컨곰,규율과 수호,,,,,,,#B269A1,모펫 / 바이올렛 블루,"자주성, 천재, 감성",외곬수에 사명감이 있는 기대주
2월 8일,,범의귀,Saxifrage,절실한 애정,,,루틸 레이티드 쿼츠,가정의 평화,,,,,,,#6C2735,버건디 / 클라레,"정열, 애교, 사려깊음",흉내가 특기인 귀여운 장난꾸러기
2월 9일,,은매화,Myrtle,사랑의 속삭임,,,레드 재스퍼,올바른 판단,삼나무,자신감,,,,,#EA4A6E,푸크시아 퍼플 / 푸크시아 퍼플,"국제감각, 활발, 지도자","활약하는 인간, 인간미 있는 열혈한"
2월 10일,,서향,Winter Daphne,영광,,,레드 타이거 아이,운명의 파괴와 창조,,,,,,,#EA618E,로즈레드 / 딥 블러시,"애정, 감수성, 지성",타인을 돕고 북돋우는 상냥한 사람
2월 11일,,멜리사,Balm,동정,,,워터 원,시간의 흐름,,,,,,,#D3336F,선홍색 / 서리스,"개방적, 단순명쾌, 표현",어떤 일이든 마음속 깊이 기뻐하는 솔직한 사람
2월 12일,,쥐꼬리망초,Justicia Procumbes,가련미의 극치,,,옐로우 스피넬,"자기애, 사랑 적령기",,,,,,,#D5345E,커민 / 서리스,"외교적, 정열, 격함",조용하지만 적극적인 행동파
2월 13일,,갈풀,Canary Grass,끈기,,,바이컬러 플로라이트,양면성의 매력,,,,,,,#585B54,휘파람새색 / 시카고,"가정, 착실함, 향상심",자신의 가치관을 소중히 키우는 예술가
2월 14일,,카모밀레,Chamomile,역경에 굴하지 않는 강인함,,,핑크 오팔,사랑의 만남,,,,,,,#726D40,해송색 / 독미나리색,"이율배반, 성실, 기품",도회적인 센스를 갖춘 사람
2월 15일,,삼나무,Cedar,그대를 위해 살다,,,핑크 지르콘,고통의 완화,,,,,,,#89C3EB,물망초색 / 콘플라워,"우정, 평화, 조화",행동 전에 2번 생각하는 신중파
2월 16일,,월계수,Victor's Laurel,명예,,,드라바이트,인생의 전개,,,,,,,#A4C1D7,스모크블루 / 스핀들,"겸허, 견실, 극기심",항상 자신을 끌어올리려는 노력가
2월 17일,,야생화,Wild Flower,친숙한 자연,,,타이거 아이언,"용맹, 강한 신념",,,,,,,#4C5E74,스몰트 / 샴브레이,"끈기, 완벽주의, 품격",일에 몰두하는 사람
2월 18일,,미나리아재비,Butter Cup,천진난만,,,오렌지 토파즈,"지혜, 논리",,,,,,,#6C3524,초콜릿 / 푸에블로,"불굴, 번뜩임, 자기정당화",자신의 생각이 올바르다 주장할 수 있는 사람
2월 19일,,떡갈나무,Oak,붙임성이 좋음,,,워터 드롭 쿼츠,생명,소나무,독특,물고기자리,바다의 신 포세이돈,해왕성,,#223A70,감색 / 레졸루션 블루,"그릇이 큼, 지도자, 감성",자신이 향하는 길을 아는 사람
2월 20일,,칼미아,Kalmia,커다란 희망,,,브라운 오닉스,정절,,,,,,,#FFF1CF,아기새색 / 바든,"매혹, 개성, 절도",독창적인 센스를 가진 개성파
2월 21일,,네모필라,Califomia Blue-bell,애국심,,,혼,애타는 사랑,,,,,,,#FFF799,라임 라이트 / 페일 프림,"매혹, 개성, 절도",강렬한 개성과 주장의 소유자
2월 22일,,무궁화,Rose of Sharon,미묘한 (섬세한) 아름다움,,,캣츠 아이 쿼츠,미래의 예감,,,,,,,#FABF14,울금색 / 문 옐로,"감성, 즐거움, 예술",즐겁게 새로운 것을 추구하는 낙천가
2월 23일,,살구꽃,Prunus,아가씨의 수줍음,,,체리 핑크 루비,사랑의 의혹,,,,,,,#FFEC47,유채색 / 패리스 데이지,"인도주의, 불언실행",사람들에게 환희를 가져다주는 행동파
2월 24일,,빙카,Periwinkle,즐거운 추억,,,화이트 펑,"겸향, 성의",,,,,,,#D8E2AE,리드 그린 / 터스크,"휴식, 사교적",항상 희망을 품고 전진하는 사람
2월 25일,,사향장미,Musk Rose,변덕스런 사랑,,,팬텀 아메시스트,환영,,,,,,,#E5E8E1,미스트 화이트 / 캣스킬 화이트,"목적, 감명, 명예",끈기로 목적을 달성하는 노력가
2월 26일,,아도니스,Adonis,추억,,,골드 쿼츠,세계를 보는 눈,,,,,,,#BECEBC,엽리색 / 서프 크레스트,"원만, 노력, 정확",어려운 문제에도 최선을 다하는 도전가
2월 27일,,아라비아의 별,Star of Arabia,순수,,,큐프라이트,다면성,,,,,,,#A1A46D,버들차색 / 그린 스모크,"즐거움, 대범함, 개방적",규율에 얽매이지 않는 인기인
2월 28일,,보리,Straw,일치단결,,,카모라트 코랄,견디는 마음,,,,,,,#5F6527,올리브 그린 / 피지 그린,"감성, 견실, 우아",사람들과의 교류를 소중히 하는 사람
2월 29일,,아르메리아,Armeria,배려,,,패러사이트,만물을 향한 비상,,,,,,,#578A3D,아이비 그린 / 펀 그린,"도덕, 지능, 구상",친구를 잘 돌보는 사람
3월,,,,,,,,,,,,,,,,,,
3월 1일,데이지 밤꽃    박하,수선화,Narcissus Jonquill,자존,아쿠아마린,"영원한 젊음, 행복",플로라이트,비밀의사랑,수양버들,우울,물고기자리,바다의 신 포세이돈,해왕성,,#F5B199,연홍색 / 맨디스 핑크,"책임감, 배려, 상냥함",사람들에게 기운을 주는 인기인
3월 2일,,미나리아재비,Butter Cup,아름다운 인격,,,쉘 오팔,"화합, 합체",,,,,,,#FDEDE4,베이비 핑크 / 로즈 화이트,"이상, 가정적, 포용력",행복한 가정을 가진 사람
3월 3일,,자운영,Astraglus,나의 행복,,,핑크 베릴,매력적인 배려심,,,,,,,#F4B3C2,연분홍색 / 큐피드,"연애, 예의, 반지르르함",사랑받고 있으면 아름답게 빛나는 사람
3월 4일,,나무딸기,Raspberry,애정,,,실버,젊음의 주장,,,,,,,#EA5550,포피 레드 / 플라밍고,"주인공, 고상, 민감",평균으론 만족하지 않는 사람
3월 5일,,수레국화,Corn Flower,행복감,,,로얄 블루 사파이어,"행운, 천명",,,,,,,#CF0125,체리 레드 / 베니션 레드,"애정, 배려, 건전",이상적인 사고방식의 야무진 사람
3월 6일,,데이지,Daisy,명랑,,,코펄,정(靜)과 동(動),,,,,,,#FEF4F4,벚꽃색 / 눈꽃색,"애정, 배려, 건전",사람을 감동시키는 힘이 깃는 사람
3월 7일,,황새냉이,Cardmine,사무치는 그리움,,,아크로아이트,투명,,,,,,,#F3A68C,사몬 핑크 / 토니스 핑크,"부드러움, 상냥함, 감성",타인의 행복을 가슴 깊이 비는 인격자
3월 8일,,밤꽃,Castanea,진심,,,스미스소나이트,수호,,,,,,,#F2A0A1,홍매색 / 웨와크,"애정, 안정, 여성스러움",사랑이 흘러넘치는 여성스러운 사람
3월 9일,,낙엽송,Larch,대담,,,실버 펄,숭배,,,,,,,#F5B1AA,산호색 / 션다운,"의욕, 용맹, 외교적",동경을 실현하려고 애쓰는 행동파
3월 10일,,느릅나무,Hackberry,고귀함,,,하울라이트,숭고한 상징,,,,,,,#E8383D,시그널 레드 / 알리자린,"지속력, 지도자",많은 분야에서 활약하는 인기인
3월 11일,,씀바귀,lxeris,순박함,,,이네사이트,정열,라임나무,의심,,,,,#F4DDA5,숫돌가루색 / 버터밀크,"자비로움, 정열, 손재주",따뜻하고 관대한 마음의 소유자
3월 12일,,수양버들,Weeping Willow,사랑의 슬픔,,,카야사이트,"순종, 청정",,,,,,,#E65454,오렌지 버밀리온 / 발렌시아,"천진함, 감성, 순수",타인을 올바른 방향으로 이끄는 천사
3월 13일,,산옥잠화,Day Lily,사랑의 망각,,,옐로우 다이아몬드,변화하는 평화,,,,,,,#ED6D3D,감색 / 마가목색,"튼튼함, 조직력, 대망",건강함을 어필하는 인기인
3월 14일,,아몬드,Almond,희망,,,컬러리스 스피넬,순진,,,,,,,#E23620,스칼렛 / 진사색,"에너지, 명랑, 정열",화려한 활기로 넘치는 행동파
3월 15일,,독당근,Conium Macutatum,죽음도 아깜지 않으리,,,오렌지 문스톤,사랑의 촉진,,,,,,,#D11C1E,루쥬 / 파이어 엔진 레드,"활발, 건강, 외향성",자발적으로 행동하는 정열가
3월 16일,,박하,Mint,미덕,,,로즈 쿼츠,사랑을 전하다,,,,,,,#D2A4C8,연홍등꽃색 / 라일락,"직관력, 정신고양, 품위",몸도 마음도 여성스러운 솔직한 사람
3월 17일,,콩꽃,Beans,반드시 오고야 말 행복,,,다이옵테이스,자유로운 삶,,,,,,,#915DA3,모브 / 쎄 스와르,"상상력, 센스, 매혹적",계속 새로운 것을 만들어내는 창조자
3월 18일,,아스파라거스,Asparagus,무변화,,,카올리나이트,배려심,,,,,,,#985B9E,캄파넬라 퍼플 / 바이올렛 블루,"예민, 신비적, 고귀",모든 것에 민감한 신비한 사람
3월 19일,,치자나무,Cape Jasmine,한없는 즐거움,,,바이컬러 쿼츠,봄의 방문,,,,,,,#581074,비올레 / 인디고,"침착함, 건강, 안정감",호수 같이 마음이 잔잔하고 아름다운 사람
3월 20일,,보라색 튤립,Tulipa,영원한 애정,,,유클레이스,면밀한 조사,,,,,,,#895B8A,옛자색 / 트렌디 핑크,"침착함, 품위, 고귀",언제나 냉정하게 사물을 판단하는 사람
3월 21일,,벚꽃난,Honey-Plant,인생의 출발,,,아이언,강인한 파워,떡갈나무,용기,양자리,전쟁의 신 아레스,화성,,#AAA7D0,페일 오키드 / 위스풀,"천부적 재능, 신비, 무관계",주위의 환경을 아름답게 바꾸는 사람
3월 22일,,당아욱,Mallow,은혜,,,소그디어나이트,생명의 재생,개암나무,비범,,,,,#BA64A0,딥 모펫 / 홀부쉬,"품격, 민감함, 사양",어디에서든 누구에게든 사랑받는 인기인
3월 23일,,글라디올러스,Gladiolus,정열적인 사랑,,,픽춰드 재스퍼,몽상,,,,,,,#745399,에도보라색 / 스튜디오,"안정, 세련, 예술적 재능",결코 자만하지 않는 품격자
3월 24일,,금영화,Califonia Poppy,희망,,,그린 쿼츠,감정을 가라앉히다,,,,,,,#934491,맬로 / 비비드 바이올렛,"직감적, 고상, 주관적",마음의 친구를 원하는 로맨티스트
3월 25일,,덩굴성 식물,Climbing Plant,아름다움,,,피치 지르콘,고통의 구원,,,,,,,#B33E5C,와인레드 / 허피 핑크,"주인공의 품격, 개성, 자신",직관력과 위엄으로 이름을 떨치는 예술가
3월 26일,,흰앵초,Primrose,첫사랑,,,플래티넘,다감한 마음,,,,,,,#CAE2C6,실버 그린 / 서프 크레스트,"가능성, 행동력, 명석",과감하게 몰두하는 노력가
3월 27일,,칼세올라리아,Calceolaria,도움,,,퍼플 지르콘,너무 많은 대화,,,,,,,#BEE0CE,오팔 그린 / 에어로 블루,"미모, 육성, 자기표현",꽃의 생명이 피듯 아름다운 사람
3월 28일,,곷아카시아나무,Robinia Hispida,품위,,,핑크 다이아몬드,사랑의 도래,,,,,,,#A7D3CF,페일 아쿠아 / 신밧드,"감사, 교양, 배려",옆에서 신기한 향이 풍기는 사람
3월 29일,,우엉,Arctium,괴롭히지 말아요,,,그린 다이아몬드,우아,,,,,,,#A3D3DD,스프레이 그린 / 프렌치 패스,"겸허, 착실함, 전문적",복잡한 문제도 간단하게 해결하는 사람
3월 30일,,금작화,Brrom,청초,,,엔젤 스킨 코랄,변치 않는 마음,,,,,,,#49BDF0,파스텔 블루 / 서머 스카이,"트렌드, 열정과 안락함",창작력을 기르는 로맨티스트
3월 31일,,흑종초,Nigella Damascena,꿈길의 애정,,,아서클레이스,목적달성,,,,,,,#ECE093,짚색 / 카키,"격려, 감동, 환희와 비애",자유롭게 행동하는 스포츠맨
4월,,,,,,,,,,,,,,,,,,
4월 1일,무화과 수련 복사꽃,아몬드,Almond,진실한 사랑,다이아몬드,"영원한 사랑, 고귀함",하키마 다이아몬드,꿈,마가목,민감,양자리,전쟁의 신 아레스,화성,,#FDEFF2,연벚꽃색 / 라벤더 블러쉬,"세련, 친구, 미소",행복한 분위기로 만드는 로맨티스트
4월 2일,,아네모네,Wind Flower,기대,,,셀리스타이트,영혼의 정화,,,,,,,#FBDAC8,셸 핑크 / 칼리,"시적정서, 두뇌명석, 순수",천재적 감성을 갖춘 노력가
4월 3일,,나팔수선화,Daffodil,존경,,,제오라이트,재생과 대지의 은혜,,,,,,,#F5A0BD,프쿠시아 핑크 / 카네이션 핑크,"배려, 천진함, 상상력",트렌드를 읽는 감각이 뛰어난 사람
4월 4일,,빨강 아네모네,Wind Flower,그대를 사랑해,,,젬실리카,행운과 번영,,,,,,,#E383A4,딥 오키드 핑크 / 코비,"정서, 사교적, 목표",따뜻한 마음으로 가득한 사람
4월 5일,,무화과,Fig-Tree,풍부,,,컬러리스 사파이어,"성스러운 힘, 빛나는 지성",,,,,,,#84A2D4,청등꽃색 / 폴로블루,"사람사귐, 정열, 세련",모든 것이 세련된 베스트 드레서
4월 6일,,아도니스,Adonis,영원한 행복,,,블루 다이아몬드,만전,,,,,,,#68A9CF,초크 블루 / 픽톤 블루,"천진함, 맑은 시선, 세련",현실에서 유리된 아름다움을 추구하는 사람
4월 7일,,공작고사리,Adiantum,신명,,,블라질리아나이트,이지적,,,,,,,#F1F5DC,백합색 / 슈가케인,"다재, 내향성, 창의적",흥미를 품고 다양한 시도를 하는 노력가
4월 8일,,금작화,Broom,박애,,,파파라치아 사파이어,빛의 꽃,,,,,,,#69B076,연녹색 / 펀,"희망, 용의주도, 경애",따스한 존재감을 풍기는 사람
4월 9일,,벚나무,Cherry,정신미,,,세라사이트,"정신미, 고결함",,,,,,,#FBCA4D,지자색 / 쿠르니코바,"스포츠감, 유려한 동작",상황에 맞춰 정확하게 행동하는 사람
4월 10일,,빙카,Periwinkle,즐거운 추억,,,화이트 지르콘,모든 것을 건 마음,,,,,,,#E5A323,펌킨 / 갈리아노,"맑은 눈, 청순, 치밀",젊은 세대의 감성이 뛰어난 선구자
4월 11일,,꽃고비,Blemonium Coeruleum,와주세요,,,블루나이트,공격적인 느낌,단풍나무,독립,,,,,#ECDECF,증율색 / 스프링 우드,"노력가, 현실주의, 양기",세상일에 정통한 견실한 장인형
4월 12일,,복사꽃,Peach,사랑의 노예,,,핑크 플로라이트,환상적,,,,,,,#A29779,담갈색 / 탤로우,"전통, 기교, 주장",전통을 중시하는 비기를 소지한 자신가
4월 13일,,페르시아 국화,Golden Wave,경쟁심,,,바이올렛 펄,"자존심, 도도함",,,,,,,#E8ECE9,프로스티 그레이 / 듀,"낙관적, 밝음, 철학적",풍부한 생활경험이 있는 유머러스한 사람
4월 14일,,흰나팔꽃,Morning-Gloly,넘치는 기쁨,,,컬러리스 토파즈,지성을 가진 천재,,,,,,,#949495,쥐색 / 그레이 수트,"미모, 낭창함, 배려",사랑의 영혼을 매료시키는 선녀같은 사람
4월 15일,,펜오키드,Fen Orchid,훌륭함,,,피콕 그린 펄,자연에 대한 사랑,,,,,,,#D5DAD4,페일 미스트 화이트 / 페퍼민트,"중립, 보수적, 전통",의리와 인정이 두터운 정의감 넘치는 사람
4월 16일,,튤립,Tulipa,아름다운 노동자,,,히데나이트,"청정, 겸허",,,,,,,#CBD0D3,스카이 그레이 / 링크워터,"온건, 쾌활, 겸손",일을 요령있게 해내는 온건파
4월 17일,,독일창포,German lris,멋진 결혼,,,그린 스피넬,"희망, 신앙, 행운",,,,,,,#898989,배틀십 그레이 / 수바 그레이,"올곧음, 책임감, 객관적",어떤 걸림돌에도 동요하지 않는 견실한 사람
4월 18일,,자운영,Astragalus,감화,,,액서나이트,노력의 지속,,,,,,,#626063,슬레이트 그레이 / 페도라,"재치, 긍지, 양심",기쁨을 얻기 위해 맹진하는 행동파
4월 19일,,참제비고깔,Larkspur,청명,,,바이올렛 지르콘,세속성과 정신성,,,,,,,#524E4D,소회색 / 툰드라,"엄숙, 성식, 기략",통찰력과 기량을 같이 겸비한 사람
4월 20일,,배나무,Pear,온화한 애정,,,클로러멜라나이트,거짓과 진실,,,황소자리,사랑과 미의 여신 아프로디테,금성,,#C7DC68,어린싹색 / 와일드 윌로우,"규율, 말투, 애정",맑고 빛나는 감성의 소유자
4월 21일,,수양버들,Weeping Willow,내 가슴의 슬픔,,,맨덜루사이트,사랑의 예감,호두나무,정열,,,,,#D8E698,어린유채색 / 리프,"온후, 성의, 감상적",항상 솔직한 자세로 임하는 사람
4월 22일,,과꽃,China Aster,믿음직한 사랑,,,애스트로피라이트,믿는 사랑,,,,,,,#2AA74B,앵록색 / 샤또 그린,"리더십, 지도자",일하는 것을 좋아하는 사람
4월 23일,,도라지,Balloom-Flower,상냥하고 따뜻함,,,디저트 로즈,사랑과 지성,,,,,,,#88CB9D,석엽색 / 서머 그린,"조화, 순응, 인간관계",사회의 신용을 모으는 착실한 사람
4월 24일,,제라늄,Geranium,결심,,,쿤차이트,연인 도래의 조짐,,,,,,,#A3D49C,스푸라우트 / 그래니 스미스 애플,"우아, 상냥함, 문학",문학에 이끌리는 상냥한 사람
4월 25일,,중국 패모,Gritillaria Thunbergii,위엄,,,플라즈마,양자택일의 결단,,,,,,,#79C288,엘브 / 드 요크,"섬세, 스포츠, 시간",일에 보람을 느끼는 도전자
4월 26일,,논냉이,Cardamine Iyrata,불타는 애정,,,스기라이트,영원 불변한 사랑,,,,,,,#79C266,딥 피 그린 / 맨티드,"향상심, 봉사, 완성",재능을 갈고 닦는 것을 잊지 않는 노력가
4월 27일,,수련,Water Lily,청순한 마음,,,카넬리안,명석한 사고,,,,,,,#00A968,에메랄드 그린 / 제이드,"인생, 경험, 단련",꿈을 향해 도전하는사람
4월 28일,,빨간 앵초,Primrose,비할바 없는 아름다움,,,킴버라이트,사랑의 수호,,,,,,,#00947A,터쿼이즈 그린 / 옵저베이토리,"성숙, 밸런스, 창의",다양한 계획을 만들어내는 아이디어맨
4월 29일,,동백나무,Camellia,매력,,,로드스톤,시종일관,,,,,,,#00A6AF,연옥색 / 본디 블루,"천진함, 신비성, 치유",천진한 마음의 소유자
4월 30일,,금사술나무,Golden-Chain,슬픈 아름다움,,,실리마나이트,경고,,,,,,,#00B2BC,애저 블루 / 아이리스 블루,"협조, 행동, 성장",성장하는 사람
5월,,,,,,,,,,,,,,,,,,
5월 1일,"민들레 라일락 무릇
",카우슬립 앵초,Cowslip,젊은 날의 슬픔,에메랄드,"행운, 행복, 친절",아마조나이트,시기 도래,"미루나무
(포플러나무)",불확실,황소자리,사랑과 미의 여신 아프로디테,금성,,#009B9F,터쿼이즈 / 페르시안 그린,"기민, 서정성",누구에게나 사랑받는 인기인
5월 2일,,미아리아재비,Butter Cup,천진난만함,,,옐로우 베릴,견디는 사랑,,,,,,,#009854,말라카이트 그린 / 샴록 그린,"정열적, 유머러스, 정숙",사교적이지만 선동을 싫어하는 자연파
5월 3일,,민들레,Dandelion,신탁,,,그린 지르콘,평화의 소원,,,,,,,#01686D,틸 그린 / 블루 라군,"대지, 정서적, 목가적",맑은 시냇가를 동경하는 목가적인 사람
5월 4일,,딸기,Strawberry,존중과 애정,,,포스테라이트,위대한 힘,,,,,,,#014127,쇠오리색 / 브리티시 레이싱 그린,"재생능력, 경영력,쇄신력",정정당당한 키퍼슨
5월 5일,,은방울꽃,Maylily,섬세함,,,레드 크랄,어린 마음,,,,,,,#BCE2E8,물빛색 / 오나호,"분방, 동찰, 주먹",이념을 구현화할 수 있는 예술가
5월 6일,,비단향나무꽃,Stock,영원한 아름다움,,,아이드크레이스,약속,,,,,,,#70C6F5,포겟 미 낫 블루 / 마야블루,"직관, 상냥함, 아이디어",재능을 발휘하는 여성스러운 사람
5월 7일,,딸기,Strawberry,사랑과 존경,,,클리다이트,마음의 성장,,,,,,,#4C6CB3,군청색 / 산 마리노,"사려깊음, 규율, 낭창함",칭찬을 받는 마돈나
5월 8일,,수련,Water Lily,청순한 마음,,,에메랄드 캣츠 아이,상상력,,,,,,,#316745,천세록 / 그린 피,"정중, 인내, 겸손",숙고하고 발언하는 신중파
5월 9일,,겹벚꽃,Prunus,"정숙, 단아함",,,블랙 펄,조용한 강인함,,,,,,,#2CB232,패러키트 그린 / 라임 그린,"조화, 밸런스",조화와 밸런스를 갖춘 행동파
5월 10일,,꽃창포,Flag Iris,우아한 마음,,,로빈스 에그 블루,해방된 마음,,,,,,,#F5F6CA,에그셀 / 미모사,"소녀, 감상적, 관대",장난스런 사랑에 빠지지 않는 야무진 사람
5월 11일,,사과,Apple,유혹,,,레이스 아게이트,침착한 용기,,,,,,,#D1DE4C,레터스 그린 / 맨즈,"도전, 수다쟁이",실패를 각오하고 새로운 일에 도전하는 사람
5월 12일,,라일락,Lilac,사랑의 싹,,,카콕서나이트,의식의 도달,,,,,,,#E3E548,샤르트뢰즈 옐로 / 스타쉽,"미식가, 사교적, 전원적",성실한 인품과 사교성을 겸비한 사람
5월 13일,,산사나무,Hawthorn,유일한 사랑,,,아이보리,"청순, 윤리적 힘",,,,,,,#E4DC8A,마른풀색 / 프림로즈,"이해력, 아이디어",자신의 생각을 정확하게 말할 수 있는 사람
5월 14일,,매발톱꽃,Columbine,승리의 맹세,,,블루 그린 지르콘,떠나가는 고통,,,,,,,#72640C,올리브 / 유컨 골드,"자연, 상냥함",꽃이나 풀을 키우는 기쁨을 아는 자연애호가
5월 15일,,물망초,Forget-me-not),진실한 사랑,,,레드 제나이트,결단력,밤나무,정직,,,,,#D0C67C,콜로니얼 옐로 / 윈터 헤이즐,"양심, 향상심, 체계화",항상 지식을 모으는 향상심으로 가득찬 사람
5월 16일,,조팝나물,Hieracium,선언,,,텍타이트,자유,,,,,,,#A49627,페일 머스터드 / 럭키,"올곧음, 세심, 강한 마음",견실하고 완고한 기질의 명인 타입
5월 17일,,노랑 튤립,Tulipa,사랑의 표시,,,퍼플 사파이어,첫사랑의 추억,,,,,,,#8D6F2F,골든 오커 / 콘 하비스트,"명민, 뛰어남, 동찰",자신의 생각을 굽히지 않는 완고한 사람
5월 18일,,옥슬립 앵초,Oxlip,첫사랑,,,고제나이트,기품,,,,,,,#464646,올리브차색 / 차콜,"정확한 발언, 학식, 보수",지식이 풍부한 온건파
5월 19일,,아리스타타,Aristata,아름다움의 소류자,,,노제라이트,위기를 극복하다,,,,,,,#494A41,천세차 / 헤비 메타,"중립, 공평, 밸런스",어떤 문제도 대응하는 뛰어난 사람
5월 20일,,괭이밥,Wood Sorrel,빛나는 마음,,,자라타이트,내면의 힘,,,,,,,#8CCAB0,딥 아쿠아 / 비스타 블루,"감상적, 아름다운 용모",센티멘탈한 행복의 여식
5월 21일,,담홍색 참제비고깔,Larkspur,자유,,,오퍼라이즈드 우드,융합과 동조,,,쌍둥이자리,"지혜와 목동, 나그네의 신 헤르메스",수성,,#47885E,녹청색 / 코모,"두뇌명석, 기교, 적응",항상 자극과 감동을 추구하는 긍정적인 사람
5월 22일,,귀고리꽃,Ear Drops,열렬한 마음,,,덴드리틱 쿼프,만족스러운 성장,,,,,,,#036122,스푸르스 그린 / 크루소,"정직, 성실, 밸런스",대가없는 사랑으로 넘치는 인정많은 사람
5월 23일,,풀의 싹,Leaf Buds,첫사랑의 추억,,,앤드라다이트,충성심,,,,,,,#034415,보틀 그린 / 브리티시 레이싱 그린,"자연, 개성, 관용",낭랑하고 남을 꾸짖지 않는 마음 넓은 사람
5월 24일,,헬리오토로프,Heliotorope,사랑이여 영원하라,,,아듀라리아,계획,,,,,,,#264939,사이프러스 그린 / 보틀 그린,"조화, 배려, 정리",모두에게서 신뢰받는 누님 타임
5월 25일,,삼색제비꽃,Pansy,순애,,,블루 앰버,조용히 타오르는 마음,사시나무,야망,,,,,#FACE9D,네이플즈 옐로 / 피치 오렌지,"낭랑함, 순풍만범",남을 잘 돌보며 사랑받는 인기인
5월 26일,,올리브나무,Olive,평화,,,코퍼,사랑의 노례,,,,,,,#F9CC77,마리 골드 옐로 / 그랜디스,"생명력, 정서적, 정열",태양 같은 밝고 건강미 넘치는 미인
5월 27일,,데이지,Daisy,순수한 마음,,,바데라이트,인내,,,,,,,#F8B500,황매화색 / 셀렉티브 옐로,"씩씩함, 영지, 해방",밝고 온화하며 자유를 사랑하는 사람
5월 28일,,박하,Mint,미덕,,,화이트 칼세도니,우아,,,,,,,#B36029,올드 골드 / 파이어리 오렌지,"전통계승, 관찰력",일을 즐길 줄 아는 야무진 사람
5월 29일,,토끼풀,Clover,쾌활,,,잘로스톡,행운의승리,,,,,,,#7A5347,커피 브라운 / 아이언 스톤,"규율, 모범, 자신",항상 위를 노릴 수 있는 기량을 갖춘 사람
5월 30일,,보랏빛 라일락,Lilac,사랑의 싹이 트다,,,차보라이트,영향력,,,,,,,#E8D3D1,회벚꽃색 / 바닐라 아이스,"로맨티스트, 지식",우아하고 세련된 윤곽의 소유자
5월 31일,,무릇,Scilla,강한 자제력,,,스모키 쿼츠,안식,,,,,,,#F0908D,연홍색 / 스윗 핑크,"교양, 숭고, 재원",일을 착착 처리하는 능력자
6월,,,,,,,,,,,,,,,,,,
6월 1일,장미 자스민 토끼풀,장미,Madien Blush Rose,나의 마음 그대만이 아네,진주,"순결, 부귀, 건강",컬러 체인지 사파이어,양면성,사시나무,야망,쌍둥이자리,"지혜와 목동, 나그네의 신 헤르메스",수성,,#BEA2CA,페일 크로커스 / 위스테리아,"여성스러움, 자만",품위를 갖춘 여성 중의 여성
6월 2일,,빨강 매발톱꽃,Columbine,솔직,,,클리어 앰버,꿈의 실현,,,,,,,#7058A3,제비꽃색 / 스캠피,"변덕, 매력적",결코 아양떨지 않는 품격 높은 여성
6월 3일,,아마,Plax,감사,,,페나사이트,기분 일소,,,,,,,#5C1767,푸르푸르 / 세이안스,"느긋함, 진리, 고독",항상 밸런스를 명심하는 사람
6월 4일,,장비,Damaskrose,아름답게 빛나는 얼굴 모습,,,오돈라이트,공격과 방어,자작나무,영감,,,,,#F7F7D9,페일 화이트 릴리 / 힌트 오브 옐로,"천진함, 풍부한 재능, 자극",어릴 때로 되돌아가고 싶은 순진한 마음의 소유자
6월 5일,,메리골드,Marigold,가련한 애정,,,알렉산드라이트,양면성,,,,,,,#DDEAB2,페일 프레쉬 그린 / 터스크,"규칙적, 역경에 강함",리듬감 있는 생활을 즐기는 사람
6월 6일,,노랑 붓꽃,Yellow Water Flag,믿는 자의 행복,,,실리시피어드우드,융합과 변화,,,,,,,#E0DE94,멜론 옐로 / 프림 로즈,"인도주의, 서비스정신",인간관계를 소중히 하는 평온한 사람
6월 7일,,슈미트티아나,Schmidtiana,사모하는 마음,,,핑크 펄,인내심 강한 사랑,,,,,,,#657D61,옐름 그린 / 핀란디아,"청렴결백, 정신력",커뮤니케이션이 특기인 국제파
6월 8일,,재스민,Jasmine,사랑스러움,,,새니딘,초능력과의 융합,,,,,,,#665A1A,컬러 골드 / 코스타 델 솔,"애정, 밸런스, 뛰어난 어학",타인의 의견이나 행동에 관용적이 사람
6월 9일,,스위트피,Sweet Pea,우아한 추억,,,우렉사이트,두뇌 명석,,,,,,,#FFF8A8,크림색 / 샬리마,"몸가짐, 세련, 품격",용모가 주위의 주목을 모으는 품격있는 사람
6월 10일,,수염패랭이꽃,Sweet William,의협심,,,쿼츠,"조화, 통합, 강화",,,,,,,#FFF352,레몬 옐로 / 패리스 데이지,"밝음, 현실, 경영력",밝고 주위를 기운 나게 하는 자신가
6월 11일,,중국패모,Fritillaria Thunbergii,위엄,,,화이트 래브라도라이트,좋은 소문,,,,,,,#F6D700,황수선화색 / 스쿨 버스 옐로,"학문, 연구개발, 기획력",가장 앞에서 연구를 즐기는 정열가
6월 12일,,레제다 오도라타,Reseda Odorata,매력,,,마베 펄,매력,,,,,,,#FAC559,샌프란 옐로 / 골든 타이노이,"체력, 용모수려",밸런스 있는 식사를 즐기는 사람
6월 13일,,디기탈리스,Fox Glove,가슴 속의 생가,,,우바로바이트,"소심, 마음을 빼앗는 기질",,,,,,,#FCC800,해바라기색 / 탄저린 옐로,"수다쟁이, 건강함, 향상심",희망에 가슴이 부푼 밝은 사람
6월 14일,,뚜껑 별꽃,Anagallis,추상,,,시프린,견식,무화과나무,감수성,,,,,#F8F4E6,아이보리 / 로맨스,"신뢰, 성실, 보수적",중간입장에서는 신중한 사람
6월 15일,,카네이션,Carnation,정열,,,옐로우 재스퍼,여행의 안전,,,,,,,#F7B894,라이트 애프리콧 / 맨디스 핑크,"인내심 강함, 맹돌진",철저한 성실성이 장점인 사람
6월 16일,,튜베로스,Tube Rose,위험한 쾌락,,,블루 오팔,상쾌한 애정표현,,,,,,,#C39143,황토색 / 안자크,"평가, 끈기있음",노력으로 목표를 달정하는 노력형
6월 17일,,토끼풀,Clover,감화,,,넵튜나이트,생명의 영속성,,,,,,,#E29399,올드 로즈 / 웨와크,"정신적 안정, 일이 취미",경험을 지식과 기술로 갖춘 사람
6월 18일,,백리향,Thyme,용기,,,아르젠타이트,사악함으로부터의 방어,,,,,,,#724943,마호가니 브라운 / 볼,"자신,침착함, 자연",유머 센스가 넘치는 견실한 사람
6월 19일,,장미,Sweet Brier,사랑,,,블랙스타 사파이어,진혼,,,,,,,#FCD575,달걀색 / 살로미,"스포츠, 건강, 조직",스포츠를 좋아하는 노력가
6월 20일,,꼬리풀,Speedwell,달성,,,그린 플로라이트,숨은 미덕,,,,,,,#F19D45,선라이트 옐로 / 씨 벅손,"사교적, 친구, 에너지",항상 행동으로 선도하는 모범생
6월 21일,,달맞이꽃,Evening Primrose,자유스러운 마음,,,서펀틴,보호,,,,,,,#F39800,금차색 / 오렌지 필,"예술, 스포츠, 미식가",요리도구도 따지는 미식가
6월 22일,,가막살나무,Vihurnum,사랑은 죽음보다 강하다,,,선스톤,광채,,,게자리,달의 여신 아르테미스,달,,#973B2C,가넷 브라운 / 티아 마리아,"에너지, 무아, 수다쟁이",사람을 좋아하고 애교 많은 발랄한 사람
6월 23일,,접시꽃,Holly Hock,열렬한 연애,,,안욜라이트,소극적인 사랑,,,,,,,#773C30,적갈색 / 크아룬 오브 쏜,"희망, 향상심, 지도력",인생경험으로 원숙하고 관대한 사람
6월 24일,,바베나,Garden Verbena,가족의 화합,,,워터 오팔,처녀의 연심,자작나무,영감,,,,,#F9BDC5,라이트 오키드 핑크 / 아자레아,"미소, 상냥함, 영원",요정처럼 기품 넘치는 사람
6월 25일,,나팔꽃,Morning Glory,덧없는 사랑,,,말라카이트,통찰력과 상상력,사과나무,사랑,,,,,#E1849E,페일 체리 핑크 / 카리스마,"용기, 우아, 안락함",타인의 마음을 사로잡는 신중한 사람
6월 26일,,흰 라일락,Lilac,아름다운 맹세,,,스페샬타이트,충실,,,,,,,#EB5381,카네이션 핑크 / 다크 핑크,"낯 안가림, 숭고",호의적이고 타인에게 사랑받는 영원한 연인
6월 27일,,시계꽃,Passion Flower,성스러운 사랑,,,리디코타이트,다채로운 매력,,,,,,,#F19CA7,로즈 핑크 / 모벨러스,"격한 감정, 외교적",타인이 감격할 찬스를 주는 정열가
6월 28일,,제라늄,Geranium,그대가 있기에 행복이 있네,,,블루지르콘,"환각, 꿈꾸는 마음",,,,,,,#CF0141,페퍼 레드 / 크림슨,"에너지, 밝은 마음",긍정적인 마음가짐으로 사람들에게서 존경받는 재인
6월 29일,,빨강 제라늄,Geranium,그대가 있어 사랑이 있네,,,재스퍼,자기 제어,,,,,,,#BBE2F1,베이비 블루 / 오나호,"평화, 정온,사려깊음",타인의 요구에 곧바로 대응하는 사람
6월 30일,,인동,Honey Suckle,사랑의 인연,,,유렉사이트 캣츠 아이,마음의 눈,,,,,,,#5383C3,연군청색 / 해브락 블루,"개성, 이상, 향상심",주위를 사로잡는 매력의 소유자
7월,,,,,,,,,,,,,,,,,,
7월 1일,금어초 라벤더 향쑥,당양쑥부쟁이,Fig Marigold,태만,루비,"열정적인 사랑, 정의, 마음의 평화",블러드샷아이오라이트,방향의 시사,사과나무,사랑,게자리,달의 여신 아르테미스,달,,#007199,다크 블루 / 세르리언,"평화, 공상, 환경문제",지구를 생명이라 생각하는 환경론자
7월 2일,,금어초,Snap Dragon,욕망,,,배리사이트,자연의 숙성,,,,,,,#0068B7,코발트 블루 / 네이비 블루,"재주좋음, 섬세",감성 풍부한 세련된 도시파
7월 3일,,흰색 양귀비,Papaver,망각,,,록 크리스탈,유쾌한 마음,,,,,,,#003F8E,잉크 블루 / 스몰트,"기품, 견디는 자, 자신",타인이 부러워할 정도의 자신가
7월 4일,,자목련,Lily Magnolia,자연애,,,다이옵사이드,행운으로 가는 이정표,,,,,,,#3FB5D3,아쿠아 / 서머 스카이,"정온 숭고, 자기발전",정신상태를 컨트롤 할 수 있는 사람
7월 5일,,라벤더,Lavendar,풍부한 향기,,,아나테스,미래의 행운,전나무,신비,,,,,#4593A0,페일 삭스 블루 / 히피 블루,"감성, 자유, 감춰진 정열",애정으로 가득한 조용한 성격의 사람
7월 6일,,해바라기,Sun Flower,애모,,,아파치 티어,불가사의,,,,,,,#59B9C6,신바시색 / 바이킹,"상황판단, 결정력, 신념",긍정적이며 일도 생활도 즐기는 사람
7월 7일,,서양까지밥나무,Goose Berry,예상,,,스타로즈 쿼츠,만남,,,,,,,#016171,블루커널 / 블루 라군,"총명, 대망, 찬스",하나를 들으면 열을 아는 재주 많은 사람
7월 8일,,버드푸트,Birdfoot,다시 만날 날까지,,,밀키 오팔,설레임,,,,,,,#006888,마린 블루 / 블루 라군,"다재, 노력, 침착함",노력으로 진리를 추구하는 정열가
7월 9일,,아이비 제라늄,Ivyleaved Geranium,진실한 애정,,,브라운 다이아몬드,불굴의 신념,,,,,,,#F7F6F5,펄 화이트 / 씨셸,"비밀, 고독, 정의감",타인이 기대를 걸 좋아하는 고결한 사람
7월 10일,,초롱꽃,Canterbery Bell,감사,,,스포듀언,무한의 사랑,,,,,,,#608FC3,페일 파스텔 블루 / 다뉴브,"상냥함, 감미, 겸허",여성의 아름다움을 상징하는 사람
7월 11일,,아스포델,Asphodel,나는 당신의 것,,,크림 펄,새로운 만남,,,,,,,#5371AD,라벤더 블루 / 산 마리노,"예의, 심미안, 색채감",사람을 매혹하는 매력의 소유자
7월 12일,,좁은입배풍동,Solanum,참을 수 없어,,,레드 베릴,고차원적인 의식,,,,,,,#044182,마죠리나 블루 / 다크 세르리언,"교양, 품격 높음, 행복한 미래",진리를 추구하는 사람들의 지도자
7월 13일,,잡초의 꽃,Flower of Grass,실제적인 사람,,,크리스베릴,광채,,,,,,,#192F60,감청색 / 사파이어,"자존심, 멸사봉공, 직관력",불행한 사람을 지나치지 않는 자비로운 사람
7월 14일,,프록스,Phlox,온화,,,쓰리컬러 플로라이트,다면성,,,,,,,#FDEDE4,딥 베이비 핑크 / 로즈 화이트,"감성, 진심, 따뜻함",일도 생활도 즐기는 긍정적인 사람
7월 15일,,들장미,Austrian Briar Rose,사랑스러움,,,거사이트,영능력,느릅나무,고결,,,,,#B370A6,페일 모펫 / 부케,"섬세, 암시, 신중함",귀여운 것에 끌리는 아름다운 사람
7월 16일,,비단향꽃무,Stock,영원한 아름다움,,,아이즈라이트,명상력,,,,,,,#94ADDA,파운틴 블루 / 폴로 블루,"춤과 음악, 자유, 개성",자유분방한 생활을 바라는 사람
7월 17일,,흰색장미,White Rose,존경,,,어벤춰린,빛나는 미래,,,,,,,#6B76AE,샐비어 블루 / 켓워드 블루,"경영력, 세련, 재치",길을 갈고 닦기 위해 존재하는 여성
7월 18일,,이끼 장미,Moss Rose,가련함,,,래브라도라이트 펠드스퍼,밀희,,,,,,,#7F1184,로열 퍼플 / 퍼플,"지성, 신비성, 향",도와준 사람을 모두 성공으로 이끄는 사람
7월 19일,,백부자,Aconite,아름답게 빛나다,,,하이드로 로드크로사이트,정의,,,,,,,#F7A7A0,딥 셸 핑크 / 선다운,"섬세, 즐거움, 따뜻함",언제나 신중하고 변하지 않는 사랑의 소유자
7월 20일,,가지,Egg Plant,진실,,,아쿠아마린 캣츠아이,광명,,,,,,,#E49E61,벼색 / 포르셰,"배려, 공상, 감수성",우아함의 축복을 받은 요정같은 여성
7월 21일,,노랑장미,Yellow Rose,아름다움,,,블루 재스퍼,감정의 조정,,,,,,,#C56950,하바나 로즈 / 레드 다마스크,"그윽함, 역동, 모성",아름답고 예의바른 사람
7월 22일,,패랭이꽃,Superb Pink,사모,,,플라워 옵시디언,새로운 출발,,,,,,,#B94047,연지색 / 올드 로즈,"기지, 향상심, 탄력적",자신의 역량을 깨닫고 갈고 닦는 사람
7월 23일,,장미,York & Lancaster Rose,아름다움,,,워터메론 토르마린,겹치는 행운,,,사자자리,태양의 신 아폴론,태양,,#B7282E,자주색 / 카디널,"엄격, 가능성, 적극성",세계적 시야를 가진 온건파
7월 24일,,연령초,Trillum,그윽한 마음,,,워더라이트,독과 정화,,,,,,,#F5949F,큐피드 핑크 / 웨와크,"미소, 양식, 소질",자연스러운 색기로 도취시키는 미인
7월 25일,,말오줌나무,Elder-Tree,열심,,,쉘,아름다운 맹세,,,,,,,#DE82A7,로터스 핑크 / 코비,"영구불변, 헌신과 저항",기품 있는 정신의 소유자
7월 26일,,향쑥,Wornwood,평화,,,퍼실 로랄,정복,"편백나무
(노송나무)",신의,,,,,#AF363B,로즈 매더 / 브릭 레드,"경애, 우아, 유머러스",마음에 울리는 언동으로 감동시키는 정열가
7월 27일,,제라늄,Geranium,진실한 애정,,,그레이 다이아몬드,조역부터 출발,,,,,,,#8D3446,크림슨 / 카멜롯,"경험, 재능, 행동력",여성스러운 성숙이 혼재한 다감한 사람
7월 28일,,패랭이꽃,Dianthos Superbus,언제나 사랑,,,알만다인 스피넬,영혼과의 교류,,,,,,,#404040,먹감색 / 이클립스,"유머러스, 섬세, 영지",이성과 세련된 정신의 정열가
7월 29일,,선인장,Cactus,불타는 마음,,,블랙 오팔,위협,,,,,,,#008DB7,세르리언 블루 / 본디 블루,"성실, 영감, 배려",진심으로 사람을 대하는 상냥한 사람
7월 30일,,서양종보리수,Line Tree Linder,부부애,,,에피도트,과거로부터의 해방,,,,,,,#009E9F,피콕 클루 / 페르시안 그린,"깊은 애정, 조화, 우정",자신을 알고 갈고 닦는 사람
7월 31일,,호박,Pumpkin,광대함,,,레드지르콘,평안,,,,,,,#044D78,페르시안 블루 / 다크 세르리언,"신비적 쿨함, 밝음",표정을 드러내지 않고 속으로 감동하는 사람
8월,,,,,,,,,,,,,,,,,,
8월 1일,수박풀 엘리카 석류,빨간 양귀비,Papaver,위로,페리도트,"부부간의 행복, 지혜, 친구와의 화합",시트린,달콤한 추억,"편백나무
(노송나무)",신의,사자자리,태양의 신 아폴론,태양,,#438CB5,블루 셸 / 큐리어스 블루,"사교적, 참을성, 성실",모두에게 성실한 사교적인 사람
8월 2일,,수레국화,Corn Flower,행복,,,블루 쿼츠,생명의 탄생,,,,,,,#0098D4,페일 요트 블루 / 퍼시픽 블루,"지능,책임, 스피디",내향적이고 격식을 중요시하는 보수주의자
8월 3일,,수박풀,Flower of an Hour,아가씨의 아름다운 자태,,,크리스베릴 캣츠 아이,황금의 눈동자,,,,,,,#409ECC,요트 블루 / 바이킹,"근엄, 완벽주의, 인맥",사람을 마음 깊은 곳에서 믿는 믿음직한 사람
8월 4일,,옥수수,Corn Flower,재보,,,마카사이트,"추억, 동경",,,,,,,#0063A7,시안 블루 / 세르리언,"기품있음, 품격, 정점",끈기 있고 곤란한 상황에도 맞서는 인내심 있는 사람
8월 5일,,엘리카,Heath,고독,,,캣츠 아이 문스콘,사랑의 기회,"미루나무
(포플러나무)",불확실,,,,,#1E50A2,유리색 / 인데버,"온화함, 신뢰, 존경",사람들에게 사랑받고 존경받는 사람
8월 6일,,능소화,Trumpet Flower,명예,,,다크그린 지르콘,정신의 위한,,,,,,,#004C97,라피스라즐리 / 코발트,"조야와 고귀, 교양",배려 넘치는 지적인 사람
8월 7일,,석류,Pomagranate,원숙한 아름다움,,,옐로우 애퍼타이트,의혹,,,,,,,#02428C,로열블루 / 다크 세르리언,"매력적, 재치",지식을 추구하여 달려가는 참색가
8월 8일,,진달래,Azalea,사랑의 희열,,,루틸,사랑의 화살,,,,,,,#164A84,감리색 / 다크 세르리언,"직관, 소박, 승부",직관의 저 너머를 바라보는 사람
8월 9일,,시스터스,Cistus,인기,,,캐커파이라이트,망각의 제거,,,,,,,#202F55,네이비 블루 / 번팅,"지적, 문화, 세련",질 나쁜 것을 싫어하는 로맨티스트
8월 10일,,이끼,Moss,모성애,,,아이오라이트,영적 능력을 높이다,,,,,,,#3F61A1,하이드렌지 블루 / 마리너,"예술, 재능, 표현력",감성을 갈고 닦아 아름답게 나타내는 예술가
8월 11일,,빨강무늬제라늄,Geranium Zonal,위안,,,옐로우 사파이어,집중력,,,,,,,#55295B,뽕열매색 / 핫 퍼플,"직관, 신념, 종교",정신세계를 느끼기 쉬운 신비주의자
8월 12일,,협죽도,Oleander,위험,,,칸커 아게이트,자연의 행방,,,,,,,#A6A5C4,회동나무색 / 위스풀,"정열, 고독, 절도",자신의 존재를 바라보는 로맨티스트
8월 13일,,골든로드,Golden Rod,경계,,,옐로우 지르콘,출산의 슬픔,,,,,,,#83CCD2,백군색 / 스프레이,"감성, 기민, 신념",견실한 인품으로 신뢰와 존경받는 사람
8월 14일,,저먼더,Wall Germander,경애,,,파이어 오팔,사랑하는 사람,삼나무,자신감,,,,,#4CB8E7,미요조티 / 서머 스카이,"빛나는 미성, 생기, 표현력",사람의 마음을 정점으로 이끄는 미성의 소유자
8월 15일,,해바라기,Sun Flower,광휘,,,블루레스 아게이트,영혼의 움직임,,,,,,,#FFD900,노란색 / 스쿨 버스 옐로,"재치, 상냥한 마음, 가정적",따뜻한 애정으로 자란 총명한 사람
8월 16일,,타마린드,Tamarindus,사치,,,래브라도라이트,사모,,,,,,,#FFFA9C,라이트 크림 / 카나리아,"감성, 의사, 리듬",감성을 움직여 리듬으로 표현하는 천재
8월 17일,,튤립나무,Tulip-Tree,전원의 행복,,,파이라이트,보호력,,,,,,,#FFF97D,프림로즈옐로 / 위치 헤이즈,"사랑과 우정, 호기심, 탐구심",선명한 소녀시절을 보낸 순진무구한 사람
8월 18일,,접시꽃,Holly Hock,열렬한 사랑,,,오렌지 펄,회복,,,,,,,#F6AD49,유자색 / 마이 신,"지고, 명랑, 자유",정신을 중시하는 현자
8월 19일,,로사 캠피온,Rosa Campion,성실,,,캘사이트,영화와 번영,,,,,,,#F79101,골든 오렌지 / 다크 오렌지,"제멋대로, 선구자",넘버 원을 추구하는 긍지 높은 사람
8월 20일,,프리지아,Freesia,순결,,,스타 루비,중심,,,,,,,#F08300,밀감색 / 탄저린,"에너지, 대망,현실",몸과 마음 모두 건강한 현실주의자
8월 21일,,짚신나물,Agrimony,감사,,,제트,망각,,,,,,,#DD7A56,계수색 / 테라 코타,"에너지, 인간관계",밸런스 좋게 전체를 통합하는 지도자
8월 22일,,스피리아,Sprirea,노력,,,화이트 코랄,정격,,,,,,,#FFCC83,골든 콘 / 체로키,"감정이입, 창작력",독특함이 가득한 마음의 소유자
8월 23일,,서양종 보리수,"Lime Tree, Linden",부부애,,,이오스포라이트,변치않는 사랑을 바치다,,,처녀자리,"지혜와 목동, 나그네의 신 헤르메스",수성,,#FEAE01,딥 선플라워 / 오렌지,"타이밍, 미학센스",사물을 양측에서 볼 수 있는 창조자
8월 24일,,금잔화,Calendula,이별의 슬픔,,,러버,연인,소나무,독특,,,,,#C4972F,옐로 오커 / 너겟,"노력, 트레이닝, 행동",자신을 더 끌어올리려는 노력가
8월 25일,,안스륨,Flaming Flower,사랑에 번민하는 마음,,,파이어 아게이트,정념,,,,,,,#CAAC71,바흐 / 푸티,"절도, 평화, 우아",인간관계를 소중히 하는 예의바른 사람
8월 26일,,하이포리스 오리어,Hypoxis Aurea,빛을 찾다,,,터콰이즈 블루,신선한 사랑,,,,,,,#7D541C,연초색 / 핫 커리,"견실, 조직력, 현실주의",자신이 우위에 서길 바라는 지도자
8월 27일,,고비,Osumunda,몽상,,,아파타이트,혼동,,,,,,,#A0D8EF,스카이블루 / 샬롯,"심려원모, 패션",어떤 옷이든 어울리는 로맨티스트
8월 28일,,에린지움,Eryngium,비밀스런 애정,,,핑크 코랄,자비로운 사랑,,,,,,,#5D9CBF,아쿠아그레이 / 셰익스피어,"예술, 감성, 상상력",많은 분야에서 주역을 원하는 크리에이터
8월 29일,,꽃담배,Flowering Tabacco Plant,그대가 있어 외롭지 않네,,,캑터스 아메시스트,변화,,,,,,,#4B7CB6,페일 갤비어 블루 / 스틸 블루,"향긋함, 헌신, 기품",인맥쌓기가 특기인 신중파
8월 30일,,저먼더,Wall Germander,담백,,,레인보우 옵시디언,각양각색,,,,,,,#356CAC,울트라 마린 / 로쉬마라,"모성애, 음악, 기품",마음의 현을 켜는 사람
8월 31일,,토끼풀,Clover,약속,,,모스 아게이트,마음의 영양,,,,,,,#460E44,자감색 / 마르디 그라스,"자기관리, 권엄, 고압적",사람의 위에 서는 오피니언 리더
9월,,,,,,,,,,,,,,,,,,
9월 1일,뱀무 알로에 엉겅퀴,호랑이꽃,Tiger Flower,나를 사랑해주세요,사파이어,"진실, 정직, 성실",덴더나이트,긍지높은 사람,소나무,독특,처녀자리,"지혜와 목동, 나그네의 신 헤르메스",수성,,#7DBB7C,프레쉬그린 / 드 요크,"교양, 섬세, 신중함",상냥한 목소리로 꽃피우는 연애소설의 여주인공
9월 2일,,멕시칸 아이비,Cobaea,변화,,,그레이 펄,쟁취하는 사랑,,,,,,,#368A56,목초색 / 씨 그린,"완고, 공명정대, 노력",자기희생도 마다하지 않는 존경할 만한 사람
9월 3일,,마거리트,Marguerite,마음속에 감춘 사랑,,,레드 다이아몬드,탄생의 비밀,수양버들,우울,,,,,#016257,홀리 그린 / 모스크,"지각, 상냥함, 창작의욕",유토피아를 꿈꾸는 문학소녀
9월 4일,,뱀무,Geum,만족된 사랑,,,스핀,우주적 의사소통,,,,,,,#006B35,빌리젼 / 펀 그린,"호기심, 스릴, 자발적",냉정한 판단력이 있는 객관적인 사람
9월 5일,,느릎나무,Elm,신뢰,,,골드 펄,성숙,,,,,,,#005243,철색 / 사이프러스,"허영심, 선악구별, 질서",조금씩 진리에다가가는 고결한 사람
9월 6일,,한련,Nasturtium,애국심,,,조아사이트,영력의 상징,,,,,,,#003D26,해송람색 / 브리티시 레이싱 그린,"자기자신, 노력",노력을 게을리하지 않는 노력가
9월 7일,,오렌지,Orange,새색시의 기쁨,,,히아신스,안심,,,,,,,#6EBDC2,연한물색 / 글래시어,"조화, 정숙, 순수",도움이 되는 것에서 삶의 보람을 느끼는 사람
9월 8일,,갓,Mustard,무관심,,,아코아 펄,품격,,,,,,,#67B5B7,아쿠아마린 / 파운틴 블루,"모험, 최정상, 임기응변",양심을 신조로 삼는 착실한 사람
9월 9일,,갓개매취,Michaelmas Daisy,추억,,,아라고나이트,능력의 발휘,,,,,,,#006069,딥 틸 블루 / 블루 라군,"배려, 예의, 건강",호기심을 계속 지닌 젊은사람
9월 10일,,흰색 과꽃,China Aster,믿는 마음,,,댄버라이트,폭 넓은 지성,,,,,,,#17184B,철감색 / 파우아,"냉정, 자기평가, 독창",진두지휘를 하는 뛰어난 경영자
9월 11일,,알로에,Aloe,꽃도 잎새도,,,레인보우 플로라이트,소원 성취,,,,,,,#003221,블루 플러스 / 다크 그린,"미식가, 사상가, 문재",무엇이든 알기 쉽게 표현하는 재능이 있는 사람
9월 12일,,클레마티스,Clematis,마음의 아름다움,,,파이어라이트,운명적 인연,,,,,,,#282B6E,멀베리 / 딥 코아마루,"큰 그릇, 지도자, 감성",자신이 나아가고 있는 길을 아는 식자
9월 13일,,버드나무,Weeping Willow,솔직,,,골든 베릴,찬란했던 좋은 날,라임나무,의심,,,,,#28285A,파우아,"꼼꼼함, 세련, 독창성",그림 같은 섬세한 로맨티스트
9월 14일,,마르멜로,Quince,유혹,,,아이언 로즈,"용기, 구원의 힘",,,,,,,#BF783E,턴 / 브랜디 펀치,"착상, 노력, 철저추구",의문이 풀릴 때까지 조사하는 정열가
9월 15일,,다알리아,Dahlia,화려함,,,파라이바 토르마린,원점 회귀,,,,,,,#8A3B00,갈색 / 새들 브라운,"의지, 호기심, 경험",자기 주장이 강한 스트레이트한 사람
9월 16일,,용담,Gentina,슬픈 그대가 좋아,,,프레나이트,건강미,,,,,,,#BD6856,테라코타 / 선글로,"심정, 전통, 주의주장",호기롭고 대담한 사고방식의 선인
9월 17일,,에리카,Heath,고독,,,다이옵테이스,재회,,,,,,,#7DBB7C,회연두색 / 드 요크,"냉정침착, 직관, 배려",안정적이고 믿음직한 리더
9월 18일,,엉겅퀴,Thistle,엄격,,,만다린 가넷,유복,,,,,,,#BCCDDB,파우더블루 / 스핀들,"냉정, 온후독실, 위엄",후진의 지도가 특기인 온후한 사람
9월 19일,,사초,Carex,자중,,,래쥴라이트,명상력,,,,,,,#7C7684,라일락 헤이지 / 토파즈,"엄격, 일본풍, 소질개발",엄격함을 기본으로 원숙에 도달하는 노력함
9월 20일,,로즈메리,Rosemary,나를 생각해요,,,블루 스피넬,사랑의 자극,,,,,,,#FFFCBF,라이트 레몬 / 콘 필드,"우수, 순수, 세련",민감한 감성을 가진 솔직한 사람
9월 21일,,사프란,Autumn Crocus,후회스런 청춘,,,세레나이트,자기의식,,,,,,,#E3EDC8,티 그린 / 티 그린,"고결, 신비주의, 고독",기품있고 티 없는 신비주의자
9월 22일,,퀘이킹 그라스,Quaking Grass,흥분,,,지르콘,순수,,,,,,,#EDEE9E,블루젼 / 포르타피노,"즐거운 대화, 쾌활",기분 좋은 분위기를 만드는 사람
9월 23일,,주목,Yew Tree,고상함,,,아메트린,빛과 그림자,감람나무,지혜,,,,,#EBE960,존 시트론 / 허니서클,"공정함, 자력, 자기희생",보람을 제대로 느끼는 야심가
9월 24일,,오렌지,Orange,새색시의 기쁨,,,디맨토이드,질주,개암나무,비범,천칭자리,사랑과 미의 여신 아프로디테,금성,,#D7CF3A,황록색 / 와틀,"승부, 호기, 직관",규율을 타파하고 돌진하는 정열가
9월 25일,,메귀리,Animated Oat,음악을 좋아함,,,바이컬러 토르마린,대칭과 조화,,,,,,,#FDB86D,선 오렌지 / 맥 앤 치즈,"배려, 구상, 순발력",주위에 영향받기 쉬운 순진한 사람
9월 26일,,감,Date Plum,자연미,,,오렌지 다이아몬드,약속된 사랑,,,,,,,#F37F44,탄저린 오렌지 / 플라멩코,"책임감, 숙고, 오리지널",모방을 싫어하는 독특한 발상을 하는 사람
9월 27일,,떡갈나무,Oak,사랑은 영원히,,,트라피체 사파이어,자유로운 삶,,,,,,,#F16F4F,타이거 릴리 / 번트 시에나,"생명력, 선구자, 용기",기상천외한 발상을 하는 선구자
9월 28일,,색비름,Love-Lies a Bleeding,애정,,,이메시스트 쿼츠,냉정한 사고,,,,,,,#D3381C,비색 / 할리 데이비슨 오렌지,"꿈, 존경, 구상",고상한 분위기의 존경할 만한 사람
9월 29일,,사과,Apple,명성,,,임페리얼 토파즈,탁월한 힘,,,,,,,#E95388,오페라 / 다크 핑크,"천진난만, 강인한 정신",한 가지에 집중할 수 있는 사람
9월 30일,,삼나무,Cedar,웅대,,,블루스타 사파이어,지식의 인도,,,,,,,#89438C,아머런스 퍼플 / 비비드 바이올렛,"현실, 본질, 탐구심",아름다운 토지를 추구하는 로맨티스트
10월,,,,,,,,,,,,,,,,,,
10월 1일,살구     희향 부처꽃,빨강국화,Chrysanthemum,사랑,오팔,"희망, 청순,  신과 사람의 사랑",엘바이트,재현,개암나무,비범,천칭자리,사랑과 미의 여신 아프로디테,금성,,#EE7948,황단색 / 번트 시에나,"훈련, 생명력, 리듬감",예술과 스포츠에뛰어난 활발한 사람
10월 2일,,살구,Apricot,아가씨의 수줍음,,,하이 쿼츠,달성,,,,,,,#8F2E14,변병색 / 번트 앰버,"양기, 창조, 미소",누구에게나 사랑받는 따뜻한 마음의 소유자
10월 3일,,단풍나무,Maple,자제,,,바이올렛 다이아몬드,매력적인 관계,,,,,,,#ED6D35,캐럿 오렌지 / 소르버스,"파워, 충실, 도전",홀로 있는 것을 싫어하는 사교적인 사람
10월 4일,,홉,Common Hop,순진무구,,,오팔 재스퍼,정확한 간격,마가목,민감,,,,,#EC5415,플레임 오렌지 / 퍼시미온,"감성, 영리, 미모",감정을 숨긴 정열가
10월 5일,,종려나무,Windmill Palm,승리,,,라리마,조용한 관찰,,,,,,,#C78A77,정자색 / 펭드스파,"보수적, 의무감, 책임감",변덕을 용서하지 않는 합리주의자
10월 6일,,개암나무,Hazel,화해,,,크리소프레이즈,"풍요, 기쁨",,,,,,,#BE8F68,시나몬 / 팔로,"몸상태, 정신안정, 안녕",비범한 것을 직관적으로 알아채는 사람
10월 7일,,전나무,Fir,고상함,,,로드나이트,자신을 높임,,,,,,,#946C45,카페오레 / 다크 탄,"지식, 듬직함, 결단력",요리를 좋아하는 왕성한 생활력의 소유자
10월 8일,,파슬리,Parsley,승리,,,블루 칼세도니,추억,,,,,,,#B55233,벽돌색 / 레드 스테이지,"안락, 행복, 자유",자연과 한 몸이 되는 자유로운 사람
10월 9일,,회향,Fennel,극찬,,,블루 오닉스,좋은 소식,,,,,,,#7B411C,테라 로자 / 러셋,"이론적, 감수성, 위험회피",새로운 경지를 여는 경이로운 사람
10월 10일,,멜론,Fennel,포식,,,토르마린 캣츠 아이,개안,,,,,,,#BA8B40,오커 / 마리골드,"지력, 선견지명, 이해",끊이지 않는 탐구심의 소유자
10월 11일,,부처꽃,Lythrum,사랑의 슬픔,,,로드라이트,사랑의 행동력,,,,,,,#B76651,카멜 / 플레임 피,"기억력, 상상력, 재능",충동적인 언행을 하지않는 정직한 사람
10월 12일,,월귤,Bilberry,반항심,,,파티컬러드 사파이어,증오의 완화,,,,,,,#823616,번트 시에나 / 페루 탄,"개성, 장대, 상상력",소박한 상냥함을 가진 그윽한 사람
10월 13일,,조팝나무,Spirea,단정한 사랑,,,해마타이트,승리의 인도,,,,,,,#6D3C32,율피차색 / 메탈릭 코퍼,"스태미너, 신비적, 보수적",항상 음악과 함께하는 건강한 사람
10월 14일,,흰색 국화,Chrysanthemum,진실,,,트라피체 에메랄드,회전,단풍나무,독립,,,,,#622D18,세피아 / 베이커 초콜릿,"교양, 청순함, 독창성",풍부한 감성을 가진 변덕스러운 사람
10월 15일,,스위트 바즐,Sweet Basil,좋은 희망,,,어벤춰린 쿼프,사랑의 기회,,,,,,,#BB5520,대자색 / 파이어리오렌지,"모성애, 자기발전, 동찰력",재치가 넘치는 총명한 사람
10월 16일,,이끼장미,Moss Rose,순진무구,,,화이트 오닉스,성공,,,,,,,#E9BC00,토파즈 / 골든 포피,"우등생, 입념, 신중",자신다움을 나타내는 재인
10월 17일,,포도,Grape,신회,,,마그네타이트,두려움을 없애다,,,,,,,#D7D0CA,오키드 화이트 / 스월,"깨끗함, 이해력, 배려",온후한 마음과 도량이 넓은 사람
10월 18일,,넌출월귤,Cranberry,마음의 고통을 위로하다,,,블루 아게이트,예술성,,,,,,,#C9C9C4,펄 그레이 / 셀레스트,"화발, 우미, 위엄",정과 동이 융화한 매력적인 사람
10월 19일,,빨강 봉선화,Balsam,날 건드리지 마세요,,,스카라베,"부활, 영원한 생명",,,,,,,#AFAFB0,은회색 / 스푼 펄,"신중함, 예의, 기품",배려 깊은 기품이 넘치는 사람
10월 20일,,마,Indian Hemp,운명,,,캘커시더라이트,소원,,,,,,,#7D7D7D,마우스그레이 / 그레이,"자연, 관습, 시행착오",안정된 인생을 보내는 평화주의자
10월 21일,,엉겅퀴,Thistle,독립,,,쇼울,사랑의 충전,,,,,,,#9E8B8E,회자색 / 비너스,"종교적, 금욕, 서정성",신성한 사색으로 인간성을 회복하는 사람
10월 22일,,벗풀,Arrow-Head,신뢰,,,레피도라이트,번혁,,,,,,,#585C5B,석판색 / 케이프 코드,"문화, 선동, 도희적",일에 몰두하는 합리주의자
10월 23일,,흰독말풀,Thom Apple,경애,,,튤라이트,"신비성, 회복",,,전갈자리,죽음의 신 하이데스,명왕성,,#D0AF4C,가지색 / 선 댄스,"자신, 기억력, 불굴의 정신",구상을 정제하여 실현하는 자신가
10월 24일,,매화,Prunus Mume,고결한 마음,,,인디고라이트,예술적 센스,호두나무,정열,,,,,#646F2D,시 모스 / 레인 포레스트,"정열, 협력, 꿈",기초적인 사고가 확실한 사람
10월 25일,,단풍나무,Aceracede,염려,,,레드스피넬,호기심,,,,,,,#9D8E87,로즈 그레이 / 조르바,"친절, 경의, 경숙",듬직하게 행동하는 침착한 사람
10월 26일,,수영,Rumex,애정,,,타이거 아이 쿼츠,꿰뚫어보는 능력,,,,,,,#548778,라이트 터콰이즈 / 커티 사크,"자력본원, 지도자, 활로",항상 냉정하고 사려깊게 행동하는 사람
10월 27일,,들장미,Briar Rose,시,,,오우윈,성스러운 업적,,,,,,,#476B6B,녹서랍색 / 택스 브레이크,"계속, 평온, 자연",항상 새로운 목표에 도전하는 사람
10월 28일,,무궁화,Rose of Sharon,미묘한 아름다움,,,콘플라워 블루 사파이어,완전한 직선,,,,,,,#6C6A6D,구익자색 / 럼,"긍정적, 결벽, 기품",행동으로 배우는 실천주의자
10월 29일,,해당화,Crab Apple,이끄시는 대로,,,메이트릭스 터콰이즈,"통찰력, 상상",,,,,,,#665951,율색 / 카불,"고집, 건강, 온건",온건하지만 자신의 생각을 굽히지 않는 사람
10월 30일,,로벨리아,Lobelia,악의,,,핀파이어 오팔,올바른 방향성,,,,,,,#83515D,빈야드 / 캐논 핑크,"경험, 상담상대",문제의 해결에 협력하는 믿음직한 사람
10월 31일,,칼라,Calla,열혈,,,호크 아이,결단과 전진,,,,,,,#D1BADA,라일락 / 프렐류드,"재치, 이론적, 용맹",성공하기 위해 불타는 정열가
11월,,,,,,,,,,,,,,,,,,
11월 1일,루피너스 부용     머위,서양모과,Medlar,유일한 사랑,토파즈,"우정, 인내, 결백한 마음, 부활",시나몬 스톤,성공의 찬스,호두나무,정열,전갈자리,죽음의 신 하이데스,명왕성,,#BF794E,낙타색 / 브랜디펀치,"경영력, 자신과 긍지, 참을성",자신과 기운이 넘치는 뛰어난 재능을 선보이는 사람
11월 2일,,루피너스,Lupinus,모성애,,,블랙 오닉스,종교적 사색,,,,,,,#8B724A,소록색 / 섀도우,"동찰력, 현실파, 유연성",결코 흔들리지 않는 강한 의지의 소유자
11월 3일,,브리오니아,Bryonia,거절,,,골든 사파이어,"빛나는 매력, 광명",,,,,,,#583822,흑차색 / 카너비 탄,"공정, 고결, 신뢰",사람들의 도움을 소중히 하는 사람
11월 4일,,골고사리,Hart's-Tongue Feen,진실의 위안,,,셉터 쿼츠,탄생의 기쁨,,,,,,,#504946,토프 / 새들,"감각, 장인기술, 지고",자신의 일에 긍지가있는 자신가
11월 5일,,단양쑥부쟁이,Fig Marigold,공훈,,,네프라이트,시선의 매력,,,,,,,#4E454A,차콜 그레이 / 리버,"신념, 남성적, 예의범절",의리와 인정이 두터운 사람돕기를 좋아하는 사람
11월 6일,,등골나물,Agrimony Eupatoire,주저,,,스패러라이트,조화와 중용,,,,,,,#FFCC7B,죤 도너 풀 / 샤르도네,"배려, 예감, 밸런스",사고와 행동의 밸런스가 잡힌 사람
11월 7일,,메리골드,Marigold,이별의 슬픔,,,피트 앰버,"포용, 큰사랑",,,,,,,#FEB75B,선 플라워 / 텍사스 로즈,"타이밍, 미학 센스",사물을 양면에서 바라보는 창조자
11월 8일,,가는동자꽃,Lychnis Flos-Cuculi,기지,,,레드 토파즈,생명과 번영,,,,,,,#F5811E,너스터섬 오렌지 / 펌킨,"조직,밸런스, 협조성",인간관계의 예민함을 중시하는 사람
11월 9일,,몰약의 꽃,Myrrh,진실,,,토터스 쉘,"장수, 심원",,,,,,,#CD5E3C,벚나무색 / 엑스터시,"낙천주의,대담, 향상심",자기자신의 힘을 믿는 사람
11월 10일,,부용,Hibiscus Mutabilis,섬세한 아름다움,,,퍼실,선조의 가호,,,,,,,#8D6029,타바코 브라운 / 러스티 네일,"의지, 자신 친밀",숨겨온 비밀도 잘 들어주는 상냥한 사람
11월 11일,,흰동백,Camellia,비밀스런 사랑,,,블랙 다이아몬드,행복의 시작,,,,,,,#FFDFAC,페일 크림 / 나바조 화이트,"용의주도, 창조력, 조용함",수많은 품격있는 감성의 소유자
11월 12일,,레몬,Lemon,진심으로 사모함,,,바이올렛 사파이어,화려한 변신,밤나무,정직,,,,,#DCD3B2,모래색 / 화이트 록,"건강, 숙련, 예술",노력과 정진으로 정점을 갈고 닦는 사람
11월 13일,,레몬 버베나,Lemon Verbena,인내,,,크리스털 오팔,내면의 충실함,,,,,,,#9FA09E,애쉬 그레이 / 델타,"건실함, 공정한 판단, 일",시간을 아끼며 일에 몰두하는 사람
11월 14일,,소나무,Pine,불로장생,,,라벤더 제이드,약간의 소문,,,,,,,#55461B,건 메탈 / 브론즈 올리브,"스태미너, 모성본능",감정에 치우치지 않는 성실하고 보수적인 사람
11월 15일,,황금싸리,Crown Vetch,겸손,,,크림슨 코랄,관용과 냉정한 애정,,,,,,,#473A17,먹색 / 마드라스,"신비적, 완고, 독립심",꿈과 희망이 가득한 정열가
11월 16일,,크리스마스 로즈,Christmas Rose,추억,,,암모나이트,가변하는 사고,,,,,,,#FABABA,벚꽃조개색 / 유어 핑크,"사랑, 로맨틱, 품격",교양 있는 세련된 취향의 사람
11월 17일,,머위,Sweet-Scented Tussilage,공평,,,스그린 루틸 쿼츠,기회를 잡다,,,,,,,#DA81B2,오키드 핑크 / 코비,"단아, 기쁨, 헌신",대가없는 헌신적인 사랑의 소유자
11월 18일,,산나리,Hill Lily,장엄,,,암소피라이트,"관용, 풍부한 사랑",,,,,,,#B4766B,매쉬 로즈 / 코랄 트리,"신망, 도전, 육성",지식과 학문을 익히는 박식한 사람
11월 19일,,범의귀,Aaron's Beard,비밀,,,블루 토파즈,교양과 학문,,,,,,,#B1585C,클라렛 / 히피 핑크,"교양, 감성, 정신력",품위 있고 세상에 둘도 없는 절세미인
11월 20일,,뷰글라스,Bugloss,진실,,,헤소나이트,자기 함시의 힘,,,,,,,#7D7B83,터부 그레이 / 토파즈,"변덕, 대범, 예술",불타는듯한 생명력의 소유자
11월 21일,,초롱꽃,Campanula,성실,,,화이트 제다이트,정화된 영혼,,,,,,,#C8CEAC,페일 살로 / 오리노코,"탐색, 친구, 자만",두번째는 되기 싫은 자신가
11월 22일,,매자나무,Berberis,까다로움,,,옐로우 오팔,숨은 본능,사시나무,야망,,,,,#BBC8AC,말차색 / 페일 리프,"신조, 이상, 기량",목표달성을 위해 맹렬히 행동하는 사람
11월 23일,,양치,Fern,성실,,,케시 펄,일시적인 휴식,,,사수자리,번개를 다루는 신들의 왕 제우스,목성,,#9E9478,회즙색 / 탤로,"자기의식,책임감, 집중력",새로운 일에 의욕을 불태우는 도전자
11월 24일,,가막살나무,Viburnum,사랑은 죽음보다 강하다,,,코발트 캘사이트,초조감의 해방,,,,,,,#7B7C7D,납색 / 레이븐,"감정회피, 고독, 냉정침착",항상 감정을 조절하는 방관자
11월 25일,,개옻나무,Rhus Continus,현명,,,레드 앰버,소악마의 매력,,,,,,,#39423F,코듀로이,"보수적, 변덕, 엄숙",위엄 있고 신비적인 사람
11월 26일,,서양톱풀,Yarrow,지도,,,스캐포라이트,미래 지향,,,,,,,#FDB58F,패일 애플리콧 / 맨디스 핑크,"따듯함, 중립, 예술",사회에 잘 순응하는 실전파
11월 27일,,붉나무,Phus,신앙,,,페트리파이드 우드,융합,,,,,,,#FCE2C4,살구색 / 비스크,"자활력, 현실주의, 정직",현상에서 본질을 이끌어 내는 이론파
11월 28일,,과꽃,China Aster,추상,,,오렌지슈 브랑누 토파즈,"보호, 포용력",,,,,,,#B47226,선택 / 파이러트 골드,"현실주의, 실천, 회의",충분히 확인하는 실천가
11월 29일,,바카리스,Baccharis,개척,,,알랙샌드라이프 토르마린,사랑과 성공,,,,,,,#8C6B4A,블릭 레드 / 레더,"자신, 집중력, 자력",실망이나 낙담을 싫어하는 신중파
11월 30일,,낙엽 마른 풀,Dry Grasses,새봄을 기다림,,,스타 엔스테타이트,깊은 신뢰,,,,,,,#54513E,고엽색 / 판다,"신념, 기초, 신뢰",자신의 신념을 확실히 다잡는 사람
12월,,,,,,,,,,,,,,,,,,
12월 1일,쑥국화 백일홍 꽈리,쑥국화,Tansy,평화,터키석,"성공, 승리, 지혜",아이언 오팔,배려있는 행동,사시나무,야망,사수자리,번개를 다루는 신들의 왕 제우스,목성,,#D6C6AF,아마색 / 스타크 화이트,"문화적, 거드름, 색채",아름다움에 매력을 느끼는 예술가
12월 2일,,이끼,Moss,모성애,,,블랙 코랄,냉정한 기지,자작나무,영감,,,,,#CAA980,허니 스위트 / 카메오,"태평, 향상심, 문화",안정감을 보증하는 것에 끌리는 사람
12월 3일,,라벤더,Lavender,기대,,,메테로라이트,영혼의 재래,,,,,,,#852E19,율매색 / 번트 앰버,"본질, 실천, 실적",공상에 빠지기 보다 실펀하는 사람
12월 4일,,수영,Rumex,애정,,,소더라이트,잠재의식과 현재의식,,,,,,,#5D5644,타우니 올리브 / 밀브룩,"개성, 의연, 사교적",대담하고 용기있는 사람
12월 5일,,앰브로시아,Ambrosia,행복한 연애,,,엔젤라이트,빛나는 진리,,,,,,,#4E4B3A,흑자색 / 판다,"저축, 신념, 든든함",유행을 쫓지않는 교양있는 학자 타입
12월 6일,,바위취,Saxifraga,절실한 사랑,,,엔스테타이트,순수한 정의감,,,,,,,#E5CC96,시트론 그레이 / 더블 콜로니얼 화이트,"재기종횡, 재치, 모성애",끝없는 꿈을 품는 감성이 풍부한 사람
12월 7일,,양치,Fern,신뢰,,,짚섬,풍요로운 대지,,,,,,,#E6D89B,페일 라임 라이트 / 햄튼,"야외, 외교적, 호기",땀 흘리며 일하는 착실한 사람
12월 8일,,갈대,Reed,깊은 애정,,,루벨라이트,적극적인 행동,,,,,,,#A69425,채소씨색 / 럭키,"일상, 태연자약, 신뢰",감정에 티가 없고 신용할 만한 사람
12월 9일,,국화,Chrysanthemum,고결,,,애러배스터,승리를 가져오다,,,,,,,#B4935D,오일 옐로 / 발리 콘,"안정, 냉정침착, 관철",힘든 역경에도 동요하지 않는 사람
12월 10일,,빨강 동백,Camellia,고결한 이성,,,블루 존 플로라이트,조화가 잡힌 마음,,,,,,,#AC6B25,브론즈 / 핫 토디,"보수적, 실전파, 행동력",눈에 띄는 것을 싫어하는 소극적인 사람
12월 11일,,단양쑥부쟁이,Fig Marigold,애국심,,,캐시터라이트,치밀한 계획,,,,,,,#FBBAA8,시 셸 핑크 / 멜론,"청결, 로맨틱",몸가짐이 우아한 사람
12월 12일,,목화,Cotton Plant,우수,,,소프트피크 지르콘,묘약,무화과나무,감수성,,,,,#F79383,잉어색 / 모나리자,"유니크, 결단, 적극",힘든 일도 두려워하지 않고 행동하는 아이디어맨
12월 13일,,자홍색 국화,Chrysanthemum,사랑,,,애퍼피라이트,영적인 통찰력,,,,,,,#F4816F,세주색 / 살몬,"변심, 상냥함, 인간관계",남을 즐겁게 해주는 변덕쟁이
12월 14일,,소나무,Pine,용감,,,핑크 사파이어,가련함,,,,,,,#EB6101,주색 / 퍼시몬,"사교적, 인맥, 완급자재",존재하는 것만으로 매력을 발산하는 사람
12월 15일,,서향,Winter Daphne,불멸,,,트라피체 루비,"변신, 도전",,,,,,,#B16268,번트 오렌지 / 터키쉬 로즈,"충동적, 정서, 표현력",마음이 밖을 향하는 스포츠 타임
12월 16일,,오리나무,Alder,장엄,,,아쥬르말라카이트,협조성,,,,,,,#FDCEBA,베이지 화이트 / 터프트 부쉬,"이성, 인내, 마음껏",자신의 힘으로 위기에서 벗어나는 용자
12월 17일,,벚꽃난,Honey-Plant,동감,,,스펙트로파이트,"정열적, 위험한 사랑",,,,,,,#EEDCB3,베이지 / 샴페인,"밸런스, 사근함",주위 사람을 밝게 만들어주는 사람
12월 18일,,세이지,Sage,가정의 덕,,,토르마린 레이티드 쿼츠,대립의 결합,,,,,,,#B4766B,브라운 골드 / 코랄 트리,"청순, 감정은폐, 꿈",걷잡을 수 없는 꿈을 쫓는 따뜻한 사람
12월 19일,,스노 플레이크,Snow Flake,아름다움,,,화이트 오팔,신의 수호,,,,,,,#DEB068,조청색 / 이퀘이터,"학문, 가정, 정신적충족",완고하고 제멋대로인 사람을 싫어하는 정직한 사람
12월 20일,,파인애플,Pineapple,완전무결,,,헤미몰파이트,쌍극,,,,,,,#715C61,헤더 / 스콜피온,"안정감, 신념, 활로",즐거움을 추구하는 유머러스한 사람
12월 21일,,박하,Mint,덕,,,블랙 문스톤,두 사람의 출발,,,,,,,#E0B5D3,리라 / 프렌치 라일락,"고상, 품위, 명석",몸과 마음 모두 세련된 사람
12월 22일,,백일홍(일년초),Zinnia,행복,,,우바이트,넓은 사고,너도밤나무,창조,,,,,#9079B6,헬리오트로프 / 퍼플 마운티 마제스티,"감성, 고귀, 젊음",로맨틱한 감정으로 가득찬 사람
12월 23일,,플라타너스,Platanus,천재,,,오렌지 제ㅇ드,따뜻한 고백,너도밤나무 / 사과나무,창조 / 사랑 ,,,,,#674196,창포색 / 로얄 퍼플,"신비적, 예술적, 철학적",옛 나라에서의 생활을 꿈꾸는 사람
12월 24일,,겨우살이,Loranthaceac,강한 인내심,,,스토러라이트,강한 보호력,,,,,,,#241B36,에그 플랜트 / 톨로피아,"보수적, 엄숙, 안심",착실하고 진실로 행동하는 야무진 사람
12월 25일,,서양호랑가시나무,Holly Hock,선견지명,,,크로스스톤,성스러운 계약,,,염소자리,시간을 관장하는 신 크로노스,토성,,#824880,가지감색 / 트렌디 핑크,"노파심, 심미안, 세련",세상과 동떨어진 소극적인 사고의 사람
12월 26일,,크리스마스 로즈,Christmas Rose,추억,,,퍼플 다이아몬드,숨은 비밀,,,,,,,#E6B422,골드 / 골드 팁스,"이상, 대범, 화사함",튼튼한 보호자 타입의 야무진 사람
12월 27일,,매화,Prunus Mume,맑은 마음,,,몰다바이트,애정의 증거,,,,,,,#AFB293,샐로 / 버드,"위엄, 자기애, 자책",자기자신을 재산이라 여기는 자신가
12월 28일,,석류,Pornegranate,원숙미,,,로드크로사이트,새로운 사랑을 부르다,,,,,,,#CB981B,존미열 / 부다 골드,"긍지, 견식, 변덕",재산이 많은 통 큰 사람
12월 29일,,꽈리,Winter Cherry,자연미,,,파우스타이트,"부활, 생명력",,,,,,,#B2A280,머스타드 / 파블로바,"정온, 조화, 환경",자애로 가득찬 세계관의 소유자
12월 30일,,납매,Carolina Allspice,자애,,,커스머클러,자연의 지식,,,,,,,#B26724,어텀 리프 / 리노 샌드,"오의, 자신, 로맨틱",많은 사람들의 버팀목이 되는 사람
12월 31일,,노송나무,Chamaecyparis,불멸,,,야호이트,온갖 정화,,,,,,,#00AFCC,터콰이즈 블루 / 아이리스 블루,"개성, 비교, 심플",개성적인 패션을 즐기는 사람